<?xml version="1.0" encoding="ISO-8859-1" ?>
<link_info>
   <banner>MSP430 Linker PC v18.12.2.LTS</banner>
   <copyright>Copyright (c) 2003-2018 Texas Instruments Incorporated</copyright>
   <link_time>0x60452221</link_time>
   <link_errors>0x0</link_errors>
   <output_file>freq_gen.out</output_file>
   <entry_point>
      <name>_c_int00_noinit_noargs</name>
      <address>0xf826</address>
   </entry_point>
   <input_file_list>
      <input_file id="fl-2">
         <path>.\</path>
         <kind>object</kind>
         <file>blink.obj</file>
         <name>blink.obj</name>
      </input_file>
      <input_file id="fl-7">
         <kind>object</kind>
         <file>&lt;internal&gt;</file>
         <name>&lt;internal&gt;</name>
      </input_file>
      <input_file id="fl-1d">
         <path>C:\ti\ccs910\ccs\tools\compiler\ti-cgt-msp430_18.12.2.LTS\lib\</path>
         <kind>archive</kind>
         <file>rts430_eabi.lib</file>
         <name>int02.asm.obj</name>
      </input_file>
      <input_file id="fl-1e">
         <path>C:\ti\ccs910\ccs\tools\compiler\ti-cgt-msp430_18.12.2.LTS\lib\</path>
         <kind>archive</kind>
         <file>rts430_eabi.lib</file>
         <name>int03.asm.obj</name>
      </input_file>
      <input_file id="fl-1f">
         <path>C:\ti\ccs910\ccs\tools\compiler\ti-cgt-msp430_18.12.2.LTS\lib\</path>
         <kind>archive</kind>
         <file>rts430_eabi.lib</file>
         <name>int04.asm.obj</name>
      </input_file>
      <input_file id="fl-20">
         <path>C:\ti\ccs910\ccs\tools\compiler\ti-cgt-msp430_18.12.2.LTS\lib\</path>
         <kind>archive</kind>
         <file>rts430_eabi.lib</file>
         <name>int05.asm.obj</name>
      </input_file>
      <input_file id="fl-21">
         <path>C:\ti\ccs910\ccs\tools\compiler\ti-cgt-msp430_18.12.2.LTS\lib\</path>
         <kind>archive</kind>
         <file>rts430_eabi.lib</file>
         <name>int08.asm.obj</name>
      </input_file>
      <input_file id="fl-22">
         <path>C:\ti\ccs910\ccs\tools\compiler\ti-cgt-msp430_18.12.2.LTS\lib\</path>
         <kind>archive</kind>
         <file>rts430_eabi.lib</file>
         <name>int09.asm.obj</name>
      </input_file>
      <input_file id="fl-23">
         <path>C:\ti\ccs910\ccs\tools\compiler\ti-cgt-msp430_18.12.2.LTS\lib\</path>
         <kind>archive</kind>
         <file>rts430_eabi.lib</file>
         <name>int10.asm.obj</name>
      </input_file>
      <input_file id="fl-24">
         <path>C:\ti\ccs910\ccs\tools\compiler\ti-cgt-msp430_18.12.2.LTS\lib\</path>
         <kind>archive</kind>
         <file>rts430_eabi.lib</file>
         <name>int14.asm.obj</name>
      </input_file>
      <input_file id="fl-25">
         <path>C:\ti\ccs910\ccs\tools\compiler\ti-cgt-msp430_18.12.2.LTS\lib\</path>
         <kind>archive</kind>
         <file>rts430_eabi.lib</file>
         <name>isr_trap.asm.obj</name>
      </input_file>
      <input_file id="fl-26">
         <path>C:\ti\ccs910\ccs\tools\compiler\ti-cgt-msp430_18.12.2.LTS\lib\</path>
         <kind>archive</kind>
         <file>rts430_eabi.lib</file>
         <name>boot.c.obj</name>
      </input_file>
      <input_file id="fl-27">
         <path>C:\ti\ccs910\ccs\tools\compiler\ti-cgt-msp430_18.12.2.LTS\lib\</path>
         <kind>archive</kind>
         <file>rts430_eabi.lib</file>
         <name>autoinit.c.obj</name>
      </input_file>
      <input_file id="fl-28">
         <path>C:\ti\ccs910\ccs\tools\compiler\ti-cgt-msp430_18.12.2.LTS\lib\</path>
         <kind>archive</kind>
         <file>rts430_eabi.lib</file>
         <name>copy_zero_init.c.obj</name>
      </input_file>
      <input_file id="fl-29">
         <path>C:\ti\ccs910\ccs\tools\compiler\ti-cgt-msp430_18.12.2.LTS\lib\</path>
         <kind>archive</kind>
         <file>rts430_eabi.lib</file>
         <name>cpy_tbl.c.obj</name>
      </input_file>
      <input_file id="fl-2a">
         <path>C:\ti\ccs910\ccs\tools\compiler\ti-cgt-msp430_18.12.2.LTS\lib\</path>
         <kind>archive</kind>
         <file>rts430_eabi.lib</file>
         <name>mpu_init.c.obj</name>
      </input_file>
      <input_file id="fl-2b">
         <path>C:\ti\ccs910\ccs\tools\compiler\ti-cgt-msp430_18.12.2.LTS\lib\</path>
         <kind>archive</kind>
         <file>rts430_eabi.lib</file>
         <name>pre_init.c.obj</name>
      </input_file>
      <input_file id="fl-2c">
         <path>C:\ti\ccs910\ccs\tools\compiler\ti-cgt-msp430_18.12.2.LTS\lib\</path>
         <kind>archive</kind>
         <file>rts430_eabi.lib</file>
         <name>startup.c.obj</name>
      </input_file>
      <input_file id="fl-2d">
         <path>C:\ti\ccs910\ccs\tools\compiler\ti-cgt-msp430_18.12.2.LTS\lib\</path>
         <kind>archive</kind>
         <file>rts430_eabi.lib</file>
         <name>copy_decompress_none.c.obj</name>
      </input_file>
      <input_file id="fl-2e">
         <path>C:\ti\ccs910\ccs\tools\compiler\ti-cgt-msp430_18.12.2.LTS\lib\</path>
         <kind>archive</kind>
         <file>rts430_eabi.lib</file>
         <name>copy_decompress_lzss.c.obj</name>
      </input_file>
      <input_file id="fl-2f">
         <path>C:\ti\ccs910\ccs\tools\compiler\ti-cgt-msp430_18.12.2.LTS\lib\</path>
         <kind>archive</kind>
         <file>rts430_eabi.lib</file>
         <name>exit.c.obj</name>
      </input_file>
      <input_file id="fl-30">
         <path>C:\ti\ccs910\ccs\tools\compiler\ti-cgt-msp430_18.12.2.LTS\lib\</path>
         <kind>archive</kind>
         <file>rts430_eabi.lib</file>
         <name>_lock.c.obj</name>
      </input_file>
      <input_file id="fl-31">
         <path>C:\ti\ccs910\ccs\tools\compiler\ti-cgt-msp430_18.12.2.LTS\lib\</path>
         <kind>archive</kind>
         <file>rts430_eabi.lib</file>
         <name>args_main.c.obj</name>
      </input_file>
      <input_file id="fl-32">
         <path>C:\ti\ccs910\ccs\tools\compiler\ti-cgt-msp430_18.12.2.LTS\lib\</path>
         <kind>archive</kind>
         <file>rts430_eabi.lib</file>
         <name>memcpy.c.obj</name>
      </input_file>
      <input_file id="fl-33">
         <path>C:\ti\ccs910\ccs\tools\compiler\ti-cgt-msp430_18.12.2.LTS\lib\</path>
         <kind>archive</kind>
         <file>rts430_eabi.lib</file>
         <name>epilog.asm.obj</name>
      </input_file>
      <input_file id="fl-34">
         <path>C:\ti\ccs910\ccs\tools\compiler\ti-cgt-msp430_18.12.2.LTS\lib\</path>
         <kind>archive</kind>
         <file>rts430_eabi.lib</file>
         <name>lsl16.asm.obj</name>
      </input_file>
      <input_file id="fl-35">
         <path>C:\ti\ccs910\ccs\tools\compiler\ti-cgt-msp430_18.12.2.LTS\lib\</path>
         <kind>archive</kind>
         <file>rts430_eabi.lib</file>
         <name>lsr16.asm.obj</name>
      </input_file>
      <input_file id="fl-36">
         <path>C:\ti\ccs910\ccs\tools\compiler\ti-cgt-msp430_18.12.2.LTS\lib\</path>
         <kind>archive</kind>
         <file>rts430_eabi.lib</file>
         <name>mult16.asm.obj</name>
      </input_file>
      <input_file id="fl-37">
         <path>C:\ti\ccs910\ccs\tools\compiler\ti-cgt-msp430_18.12.2.LTS\lib\</path>
         <kind>archive</kind>
         <file>rts430_eabi.lib</file>
         <name>exit_gvars.c.obj</name>
      </input_file>
   </input_file_list>
   <object_component_list>
      <object_component id="oc-77">
         <name>.stack</name>
         <uninitialized>true</uninitialized>
         <run_address>0x24c</run_address>
         <size>0x2</size>
         <input_file_ref idref="fl-26"/>
      </object_component>
      <object_component id="oc-222">
         <name>.stack</name>
         <uninitialized>true</uninitialized>
         <run_address>0x24c</run_address>
         <size>0x0</size>
      </object_component>
      <object_component id="oc-10b">
         <name>.text:main</name>
         <load_address>0xf800</load_address>
         <run_address>0xf800</run_address>
         <size>0x26</size>
         <input_file_ref idref="fl-2"/>
      </object_component>
      <object_component id="oc-b3">
         <name>.text:_c_int00_noinit_noargs</name>
         <load_address>0xf826</load_address>
         <run_address>0xf826</run_address>
         <size>0x14</size>
         <input_file_ref idref="fl-26"/>
      </object_component>
      <object_component id="oc-a2">
         <name>.text:_isr:__TI_ISR_TRAP</name>
         <load_address>0xf83a</load_address>
         <run_address>0xf83a</run_address>
         <size>0x8</size>
         <input_file_ref idref="fl-25"/>
      </object_component>
      <object_component id="oc-135">
         <name>.text:abort</name>
         <load_address>0xf842</load_address>
         <run_address>0xf842</run_address>
         <size>0x6</size>
         <input_file_ref idref="fl-2f"/>
      </object_component>
      <object_component id="oc-105">
         <name>.text:_system_pre_init</name>
         <load_address>0xf848</load_address>
         <run_address>0xf848</run_address>
         <size>0x4</size>
         <input_file_ref idref="fl-2b"/>
      </object_component>
      <object_component id="oc-1e4">
         <name>.binit</name>
         <load_address>0xf800</load_address>
         <run_address>0xf800</run_address>
         <size>0x0</size>
      </object_component>
      <object_component id="oc-3a">
         <name>.int02</name>
         <load_address>0xffe4</load_address>
         <run_address>0xffe4</run_address>
         <size>0x2</size>
         <input_file_ref idref="fl-1d"/>
      </object_component>
      <object_component id="oc-3b">
         <name>.int03</name>
         <load_address>0xffe6</load_address>
         <run_address>0xffe6</run_address>
         <size>0x2</size>
         <input_file_ref idref="fl-1e"/>
      </object_component>
      <object_component id="oc-3c">
         <name>.int04</name>
         <load_address>0xffe8</load_address>
         <run_address>0xffe8</run_address>
         <size>0x2</size>
         <input_file_ref idref="fl-1f"/>
      </object_component>
      <object_component id="oc-3d">
         <name>.int05</name>
         <load_address>0xffea</load_address>
         <run_address>0xffea</run_address>
         <size>0x2</size>
         <input_file_ref idref="fl-20"/>
      </object_component>
      <object_component id="oc-3e">
         <name>.int08</name>
         <load_address>0xfff0</load_address>
         <run_address>0xfff0</run_address>
         <size>0x2</size>
         <input_file_ref idref="fl-21"/>
      </object_component>
      <object_component id="oc-3f">
         <name>.int09</name>
         <load_address>0xfff2</load_address>
         <run_address>0xfff2</run_address>
         <size>0x2</size>
         <input_file_ref idref="fl-22"/>
      </object_component>
      <object_component id="oc-40">
         <name>.int10</name>
         <load_address>0xfff4</load_address>
         <run_address>0xfff4</run_address>
         <size>0x2</size>
         <input_file_ref idref="fl-23"/>
      </object_component>
      <object_component id="oc-41">
         <name>.int14</name>
         <load_address>0xfffc</load_address>
         <run_address>0xfffc</run_address>
         <size>0x2</size>
         <input_file_ref idref="fl-24"/>
      </object_component>
      <object_component id="oc-7a">
         <name>.reset</name>
         <load_address>0xfffe</load_address>
         <run_address>0xfffe</run_address>
         <size>0x2</size>
         <input_file_ref idref="fl-26"/>
      </object_component>
      <object_component id="oc-134">
         <name>.debug_info</name>
         <load_address>0x0</load_address>
         <run_address>0x0</run_address>
         <size>0x16d</size>
         <input_file_ref idref="fl-2"/>
      </object_component>
      <object_component id="oc-10c">
         <name>.debug_info</name>
         <load_address>0x16d</load_address>
         <run_address>0x16d</run_address>
         <size>0xf5</size>
         <input_file_ref idref="fl-2"/>
      </object_component>
      <object_component id="oc-90">
         <name>.debug_info</name>
         <load_address>0x262</load_address>
         <run_address>0x262</run_address>
         <size>0x84</size>
         <input_file_ref idref="fl-2"/>
      </object_component>
      <object_component id="oc-a4">
         <name>.debug_info</name>
         <load_address>0x2e6</load_address>
         <run_address>0x2e6</run_address>
         <size>0x110</size>
         <input_file_ref idref="fl-25"/>
      </object_component>
      <object_component id="oc-78">
         <name>.debug_info</name>
         <load_address>0x3f6</load_address>
         <run_address>0x3f6</run_address>
         <size>0x101</size>
         <input_file_ref idref="fl-26"/>
      </object_component>
      <object_component id="oc-b4">
         <name>.debug_info</name>
         <load_address>0x4f7</load_address>
         <run_address>0x4f7</run_address>
         <size>0x178</size>
         <input_file_ref idref="fl-26"/>
      </object_component>
      <object_component id="oc-106">
         <name>.debug_info</name>
         <load_address>0x66f</load_address>
         <run_address>0x66f</run_address>
         <size>0x154</size>
         <input_file_ref idref="fl-2b"/>
      </object_component>
      <object_component id="oc-136">
         <name>.debug_info</name>
         <load_address>0x7c3</load_address>
         <run_address>0x7c3</run_address>
         <size>0x123</size>
         <input_file_ref idref="fl-2f"/>
      </object_component>
      <object_component id="oc-223">
         <name>.debug_info</name>
         <load_address>0x8e6</load_address>
         <run_address>0x8e6</run_address>
         <size>0x99</size>
      </object_component>
      <object_component id="oc-175">
         <name>.debug_line</name>
         <load_address>0x0</load_address>
         <run_address>0x0</run_address>
         <size>0x5a</size>
         <input_file_ref idref="fl-2"/>
      </object_component>
      <object_component id="oc-10f">
         <name>.debug_line</name>
         <load_address>0x5a</load_address>
         <run_address>0x5a</run_address>
         <size>0x4e</size>
         <input_file_ref idref="fl-2"/>
      </object_component>
      <object_component id="oc-93">
         <name>.debug_line</name>
         <load_address>0xa8</load_address>
         <run_address>0xa8</run_address>
         <size>0x20</size>
         <input_file_ref idref="fl-2"/>
      </object_component>
      <object_component id="oc-a6">
         <name>.debug_line</name>
         <load_address>0xc8</load_address>
         <run_address>0xc8</run_address>
         <size>0x3d</size>
         <input_file_ref idref="fl-25"/>
      </object_component>
      <object_component id="oc-e4">
         <name>.debug_line</name>
         <load_address>0x105</load_address>
         <run_address>0x105</run_address>
         <size>0x2a</size>
         <input_file_ref idref="fl-26"/>
      </object_component>
      <object_component id="oc-b8">
         <name>.debug_line</name>
         <load_address>0x12f</load_address>
         <run_address>0x12f</run_address>
         <size>0x43</size>
         <input_file_ref idref="fl-26"/>
      </object_component>
      <object_component id="oc-10a">
         <name>.debug_line</name>
         <load_address>0x172</load_address>
         <run_address>0x172</run_address>
         <size>0x3e</size>
         <input_file_ref idref="fl-2b"/>
      </object_component>
      <object_component id="oc-139">
         <name>.debug_line</name>
         <load_address>0x1b0</load_address>
         <run_address>0x1b0</run_address>
         <size>0x3d</size>
         <input_file_ref idref="fl-2f"/>
      </object_component>
      <object_component id="oc-110">
         <name>.debug_frame</name>
         <load_address>0x0</load_address>
         <run_address>0x0</run_address>
         <size>0x3c</size>
         <input_file_ref idref="fl-2"/>
      </object_component>
      <object_component id="oc-b7">
         <name>.debug_frame</name>
         <load_address>0x3c</load_address>
         <run_address>0x3c</run_address>
         <size>0x34</size>
         <input_file_ref idref="fl-26"/>
      </object_component>
      <object_component id="oc-109">
         <name>.debug_frame</name>
         <load_address>0x70</load_address>
         <run_address>0x70</run_address>
         <size>0x3c</size>
         <input_file_ref idref="fl-2b"/>
      </object_component>
      <object_component id="oc-13a">
         <name>.debug_frame</name>
         <load_address>0xac</load_address>
         <run_address>0xac</run_address>
         <size>0x3c</size>
         <input_file_ref idref="fl-2f"/>
      </object_component>
      <object_component id="oc-174">
         <name>.debug_abbrev</name>
         <load_address>0x0</load_address>
         <run_address>0x0</run_address>
         <size>0x3b</size>
         <input_file_ref idref="fl-2"/>
      </object_component>
      <object_component id="oc-133">
         <name>.debug_abbrev</name>
         <load_address>0x3b</load_address>
         <run_address>0x3b</run_address>
         <size>0x52</size>
         <input_file_ref idref="fl-2"/>
      </object_component>
      <object_component id="oc-92">
         <name>.debug_abbrev</name>
         <load_address>0x8d</load_address>
         <run_address>0x8d</run_address>
         <size>0x1f</size>
         <input_file_ref idref="fl-2"/>
      </object_component>
      <object_component id="oc-fc">
         <name>.debug_abbrev</name>
         <load_address>0xac</load_address>
         <run_address>0xac</run_address>
         <size>0x28</size>
         <input_file_ref idref="fl-25"/>
      </object_component>
      <object_component id="oc-e3">
         <name>.debug_abbrev</name>
         <load_address>0xd4</load_address>
         <run_address>0xd4</run_address>
         <size>0x29</size>
         <input_file_ref idref="fl-26"/>
      </object_component>
      <object_component id="oc-112">
         <name>.debug_abbrev</name>
         <load_address>0xfd</load_address>
         <run_address>0xfd</run_address>
         <size>0x58</size>
         <input_file_ref idref="fl-26"/>
      </object_component>
      <object_component id="oc-132">
         <name>.debug_abbrev</name>
         <load_address>0x155</load_address>
         <run_address>0x155</run_address>
         <size>0x55</size>
         <input_file_ref idref="fl-2b"/>
      </object_component>
      <object_component id="oc-176">
         <name>.debug_abbrev</name>
         <load_address>0x1aa</load_address>
         <run_address>0x1aa</run_address>
         <size>0x45</size>
         <input_file_ref idref="fl-2f"/>
      </object_component>
      <object_component id="oc-224">
         <name>.debug_abbrev</name>
         <load_address>0x1ef</load_address>
         <run_address>0x1ef</run_address>
         <size>0xf</size>
      </object_component>
      <object_component id="oc-94">
         <name>.debug_str</name>
         <load_address>0x0</load_address>
         <run_address>0x0</run_address>
         <size>0xfe</size>
         <input_file_ref idref="fl-2"/>
      </object_component>
      <object_component id="oc-10e">
         <name>.debug_aranges</name>
         <load_address>0x0</load_address>
         <run_address>0x0</run_address>
         <size>0x20</size>
         <input_file_ref idref="fl-2"/>
      </object_component>
      <object_component id="oc-a3">
         <name>.debug_aranges</name>
         <load_address>0x20</load_address>
         <run_address>0x20</run_address>
         <size>0x20</size>
         <input_file_ref idref="fl-25"/>
      </object_component>
      <object_component id="oc-b5">
         <name>.debug_aranges</name>
         <load_address>0x40</load_address>
         <run_address>0x40</run_address>
         <size>0x20</size>
         <input_file_ref idref="fl-26"/>
      </object_component>
      <object_component id="oc-108">
         <name>.debug_aranges</name>
         <load_address>0x60</load_address>
         <run_address>0x60</run_address>
         <size>0x20</size>
         <input_file_ref idref="fl-2b"/>
      </object_component>
      <object_component id="oc-138">
         <name>.debug_aranges</name>
         <load_address>0x80</load_address>
         <run_address>0x80</run_address>
         <size>0x20</size>
         <input_file_ref idref="fl-2f"/>
      </object_component>
      <object_component id="oc-10d">
         <name>.debug_pubnames</name>
         <load_address>0x0</load_address>
         <run_address>0x0</run_address>
         <size>0x1b</size>
         <input_file_ref idref="fl-2"/>
      </object_component>
      <object_component id="oc-a5">
         <name>.debug_pubnames</name>
         <load_address>0x1b</load_address>
         <run_address>0x1b</run_address>
         <size>0x2b</size>
         <input_file_ref idref="fl-25"/>
      </object_component>
      <object_component id="oc-79">
         <name>.debug_pubnames</name>
         <load_address>0x46</load_address>
         <run_address>0x46</run_address>
         <size>0x1d</size>
         <input_file_ref idref="fl-26"/>
      </object_component>
      <object_component id="oc-b6">
         <name>.debug_pubnames</name>
         <load_address>0x63</load_address>
         <run_address>0x63</run_address>
         <size>0x2d</size>
         <input_file_ref idref="fl-26"/>
      </object_component>
      <object_component id="oc-107">
         <name>.debug_pubnames</name>
         <load_address>0x90</load_address>
         <run_address>0x90</run_address>
         <size>0x27</size>
         <input_file_ref idref="fl-2b"/>
      </object_component>
      <object_component id="oc-137">
         <name>.debug_pubnames</name>
         <load_address>0xb7</load_address>
         <run_address>0xb7</run_address>
         <size>0x1c</size>
         <input_file_ref idref="fl-2f"/>
      </object_component>
      <object_component id="oc-91">
         <name>.debug_pubtypes</name>
         <load_address>0x0</load_address>
         <run_address>0x0</run_address>
         <size>0xed</size>
         <input_file_ref idref="fl-2"/>
      </object_component>
   </object_component_list>
   <logical_group_list>
      <logical_group id="lg-2" display="no" color="cyan">
         <name>.bss</name>
         <run_address>0x0</run_address>
         <size>0x0</size>
         <contents>
         </contents>
      </logical_group>
      <logical_group id="lg-3" display="no" color="cyan">
         <name>.data</name>
         <run_address>0x0</run_address>
         <size>0x0</size>
         <contents>
         </contents>
      </logical_group>
      <logical_group id="lg-4" display="no" color="cyan">
         <name>.TI.noinit</name>
         <run_address>0x0</run_address>
         <size>0x0</size>
         <contents>
         </contents>
      </logical_group>
      <logical_group id="lg-5" display="no" color="cyan">
         <name>.sysmem</name>
         <run_address>0x0</run_address>
         <size>0x0</size>
         <contents>
         </contents>
      </logical_group>
      <logical_group id="lg-6" display="no" color="cyan">
         <name>.stack</name>
         <run_address>0x24c</run_address>
         <size>0x34</size>
         <contents>
            <object_component_ref idref="oc-77"/>
            <object_component_ref idref="oc-222"/>
         </contents>
      </logical_group>
      <logical_group id="lg-7" display="no" color="cyan">
         <name>.text</name>
         <load_address>0xf800</load_address>
         <run_address>0xf800</run_address>
         <size>0x4c</size>
         <contents>
            <object_component_ref idref="oc-10b"/>
            <object_component_ref idref="oc-b3"/>
            <object_component_ref idref="oc-a2"/>
            <object_component_ref idref="oc-135"/>
            <object_component_ref idref="oc-105"/>
         </contents>
      </logical_group>
      <logical_group id="lg-8" display="no" color="cyan">
         <name>.cinit</name>
         <run_address>0x0</run_address>
         <size>0x0</size>
         <contents>
         </contents>
      </logical_group>
      <logical_group id="lg-9" display="no" color="cyan">
         <name>.const</name>
         <run_address>0x0</run_address>
         <size>0x0</size>
         <contents>
         </contents>
      </logical_group>
      <logical_group id="lg-a" display="no" color="cyan">
         <name>.cio</name>
         <run_address>0x0</run_address>
         <size>0x0</size>
         <contents>
         </contents>
      </logical_group>
      <logical_group id="lg-b" display="no" color="cyan">
         <name>.pinit</name>
         <run_address>0x0</run_address>
         <size>0x0</size>
         <contents>
         </contents>
      </logical_group>
      <logical_group id="lg-c" display="no" color="cyan">
         <name>.binit</name>
         <load_address>0xf800</load_address>
         <run_address>0xf800</run_address>
         <size>0x0</size>
         <contents>
            <object_component_ref idref="oc-1e4"/>
         </contents>
      </logical_group>
      <logical_group id="lg-d" display="no" color="cyan">
         <name>.init_array</name>
         <run_address>0x0</run_address>
         <size>0x0</size>
         <contents>
         </contents>
      </logical_group>
      <logical_group id="lg-e" display="no" color="cyan">
         <name>.mspabi.exidx</name>
         <run_address>0x0</run_address>
         <size>0x0</size>
         <contents>
         </contents>
      </logical_group>
      <logical_group id="lg-f" display="no" color="cyan">
         <name>.mspabi.extab</name>
         <run_address>0x0</run_address>
         <size>0x0</size>
         <contents>
         </contents>
      </logical_group>
      <logical_group id="lg-10" display="no" color="cyan">
         <name>.TI.ramfunc</name>
         <run_address>0x0</run_address>
         <size>0x0</size>
         <contents>
         </contents>
      </logical_group>
      <logical_group id="lg-11" display="no" color="cyan">
         <name>.infoA</name>
         <run_address>0x0</run_address>
         <size>0x0</size>
         <contents>
         </contents>
      </logical_group>
      <logical_group id="lg-12" display="no" color="cyan">
         <name>.infoB</name>
         <run_address>0x0</run_address>
         <size>0x0</size>
         <contents>
         </contents>
      </logical_group>
      <logical_group id="lg-13" display="no" color="cyan">
         <name>.infoC</name>
         <run_address>0x0</run_address>
         <size>0x0</size>
         <contents>
         </contents>
      </logical_group>
      <logical_group id="lg-14" display="no" color="cyan">
         <name>.infoD</name>
         <run_address>0x0</run_address>
         <size>0x0</size>
         <contents>
         </contents>
      </logical_group>
      <logical_group id="lg-15" display="no" color="cyan">
         <name>.int00</name>
         <run_address>0x0</run_address>
         <size>0x0</size>
         <contents>
         </contents>
      </logical_group>
      <logical_group id="lg-16" display="no" color="cyan">
         <name>.int01</name>
         <run_address>0x0</run_address>
         <size>0x0</size>
         <contents>
         </contents>
      </logical_group>
      <logical_group id="lg-17" display="no" color="cyan">
         <name>PORT1</name>
         <load_address>0xffe4</load_address>
         <run_address>0xffe4</run_address>
         <size>0x2</size>
         <contents>
            <object_component_ref idref="oc-3a"/>
         </contents>
      </logical_group>
      <logical_group id="lg-19" display="no" color="cyan">
         <name>PORT2</name>
         <load_address>0xffe6</load_address>
         <run_address>0xffe6</run_address>
         <size>0x2</size>
         <contents>
            <object_component_ref idref="oc-3b"/>
         </contents>
      </logical_group>
      <logical_group id="lg-1b" display="no" color="cyan">
         <name>USI</name>
         <load_address>0xffe8</load_address>
         <run_address>0xffe8</run_address>
         <size>0x2</size>
         <contents>
            <object_component_ref idref="oc-3c"/>
         </contents>
      </logical_group>
      <logical_group id="lg-1d" display="no" color="cyan">
         <name>ADC10</name>
         <load_address>0xffea</load_address>
         <run_address>0xffea</run_address>
         <size>0x2</size>
         <contents>
            <object_component_ref idref="oc-3d"/>
         </contents>
      </logical_group>
      <logical_group id="lg-1f" display="no" color="cyan">
         <name>.int06</name>
         <run_address>0x0</run_address>
         <size>0x0</size>
         <contents>
         </contents>
      </logical_group>
      <logical_group id="lg-20" display="no" color="cyan">
         <name>.int07</name>
         <run_address>0x0</run_address>
         <size>0x0</size>
         <contents>
         </contents>
      </logical_group>
      <logical_group id="lg-21" display="no" color="cyan">
         <name>TIMERA1</name>
         <load_address>0xfff0</load_address>
         <run_address>0xfff0</run_address>
         <size>0x2</size>
         <contents>
            <object_component_ref idref="oc-3e"/>
         </contents>
      </logical_group>
      <logical_group id="lg-23" display="no" color="cyan">
         <name>TIMERA0</name>
         <load_address>0xfff2</load_address>
         <run_address>0xfff2</run_address>
         <size>0x2</size>
         <contents>
            <object_component_ref idref="oc-3f"/>
         </contents>
      </logical_group>
      <logical_group id="lg-25" display="no" color="cyan">
         <name>WDT</name>
         <load_address>0xfff4</load_address>
         <run_address>0xfff4</run_address>
         <size>0x2</size>
         <contents>
            <object_component_ref idref="oc-40"/>
         </contents>
      </logical_group>
      <logical_group id="lg-27" display="no" color="cyan">
         <name>.int11</name>
         <run_address>0x0</run_address>
         <size>0x0</size>
         <contents>
         </contents>
      </logical_group>
      <logical_group id="lg-28" display="no" color="cyan">
         <name>.int12</name>
         <run_address>0x0</run_address>
         <size>0x0</size>
         <contents>
         </contents>
      </logical_group>
      <logical_group id="lg-29" display="no" color="cyan">
         <name>.int13</name>
         <run_address>0x0</run_address>
         <size>0x0</size>
         <contents>
         </contents>
      </logical_group>
      <logical_group id="lg-2a" display="no" color="cyan">
         <name>NMI</name>
         <load_address>0xfffc</load_address>
         <run_address>0xfffc</run_address>
         <size>0x2</size>
         <contents>
            <object_component_ref idref="oc-41"/>
         </contents>
      </logical_group>
      <logical_group id="lg-2c" display="no" color="cyan">
         <name>.reset</name>
         <load_address>0xfffe</load_address>
         <run_address>0xfffe</run_address>
         <size>0x2</size>
         <contents>
            <object_component_ref idref="oc-7a"/>
         </contents>
      </logical_group>
      <logical_group id="lg-1e3" display="no" color="cyan">
         <name>.TI.persistent</name>
         <run_address>0x0</run_address>
         <size>0x0</size>
         <contents>
         </contents>
      </logical_group>
      <logical_group id="lg-209" display="never" color="cyan">
         <name>.debug_info</name>
         <load_address>0x0</load_address>
         <run_address>0x0</run_address>
         <size>0x97f</size>
         <contents>
            <object_component_ref idref="oc-134"/>
            <object_component_ref idref="oc-10c"/>
            <object_component_ref idref="oc-90"/>
            <object_component_ref idref="oc-a4"/>
            <object_component_ref idref="oc-78"/>
            <object_component_ref idref="oc-b4"/>
            <object_component_ref idref="oc-106"/>
            <object_component_ref idref="oc-136"/>
            <object_component_ref idref="oc-223"/>
         </contents>
      </logical_group>
      <logical_group id="lg-20b" display="never" color="cyan">
         <name>.debug_line</name>
         <load_address>0x0</load_address>
         <run_address>0x0</run_address>
         <size>0x1ed</size>
         <contents>
            <object_component_ref idref="oc-175"/>
            <object_component_ref idref="oc-10f"/>
            <object_component_ref idref="oc-93"/>
            <object_component_ref idref="oc-a6"/>
            <object_component_ref idref="oc-e4"/>
            <object_component_ref idref="oc-b8"/>
            <object_component_ref idref="oc-10a"/>
            <object_component_ref idref="oc-139"/>
         </contents>
      </logical_group>
      <logical_group id="lg-20d" display="never" color="cyan">
         <name>.debug_frame</name>
         <load_address>0x0</load_address>
         <run_address>0x0</run_address>
         <size>0xe8</size>
         <contents>
            <object_component_ref idref="oc-110"/>
            <object_component_ref idref="oc-b7"/>
            <object_component_ref idref="oc-109"/>
            <object_component_ref idref="oc-13a"/>
         </contents>
      </logical_group>
      <logical_group id="lg-20f" display="never" color="cyan">
         <name>.debug_abbrev</name>
         <load_address>0x0</load_address>
         <run_address>0x0</run_address>
         <size>0x1fe</size>
         <contents>
            <object_component_ref idref="oc-174"/>
            <object_component_ref idref="oc-133"/>
            <object_component_ref idref="oc-92"/>
            <object_component_ref idref="oc-fc"/>
            <object_component_ref idref="oc-e3"/>
            <object_component_ref idref="oc-112"/>
            <object_component_ref idref="oc-132"/>
            <object_component_ref idref="oc-176"/>
            <object_component_ref idref="oc-224"/>
         </contents>
      </logical_group>
      <logical_group id="lg-211" display="never" color="cyan">
         <name>.debug_str</name>
         <load_address>0x0</load_address>
         <run_address>0x0</run_address>
         <size>0xfe</size>
         <contents>
            <object_component_ref idref="oc-94"/>
         </contents>
      </logical_group>
      <logical_group id="lg-213" display="never" color="cyan">
         <name>.debug_aranges</name>
         <load_address>0x0</load_address>
         <run_address>0x0</run_address>
         <size>0xa0</size>
         <contents>
            <object_component_ref idref="oc-10e"/>
            <object_component_ref idref="oc-a3"/>
            <object_component_ref idref="oc-b5"/>
            <object_component_ref idref="oc-108"/>
            <object_component_ref idref="oc-138"/>
         </contents>
      </logical_group>
      <logical_group id="lg-215" display="never" color="cyan">
         <name>.debug_pubnames</name>
         <load_address>0x0</load_address>
         <run_address>0x0</run_address>
         <size>0xd3</size>
         <contents>
            <object_component_ref idref="oc-10d"/>
            <object_component_ref idref="oc-a5"/>
            <object_component_ref idref="oc-79"/>
            <object_component_ref idref="oc-b6"/>
            <object_component_ref idref="oc-107"/>
            <object_component_ref idref="oc-137"/>
         </contents>
      </logical_group>
      <logical_group id="lg-217" display="never" color="cyan">
         <name>.debug_pubtypes</name>
         <load_address>0x0</load_address>
         <run_address>0x0</run_address>
         <size>0xed</size>
         <contents>
            <object_component_ref idref="oc-91"/>
         </contents>
      </logical_group>
      <load_segment id="lg-225" display="no" color="cyan">
         <name>SEGMENT_0</name>
         <run_address>0x24c</run_address>
         <size>0x34</size>
         <flags>0x6</flags>
         <contents>
            <logical_group_ref idref="lg-6"/>
         </contents>
      </load_segment>
      <load_segment id="lg-226" display="no" color="cyan">
         <name>SEGMENT_1</name>
         <load_address>0xf800</load_address>
         <run_address>0xf800</run_address>
         <size>0x4c</size>
         <flags>0x5</flags>
         <contents>
            <logical_group_ref idref="lg-7"/>
         </contents>
      </load_segment>
      <load_segment id="lg-227" display="no" color="cyan">
         <name>SEGMENT_2</name>
         <load_address>0xffe4</load_address>
         <run_address>0xffe4</run_address>
         <size>0x8</size>
         <flags>0x4</flags>
         <contents>
            <logical_group_ref idref="lg-17"/>
            <logical_group_ref idref="lg-19"/>
            <logical_group_ref idref="lg-1b"/>
            <logical_group_ref idref="lg-1d"/>
         </contents>
      </load_segment>
      <load_segment id="lg-228" display="no" color="cyan">
         <name>SEGMENT_3</name>
         <load_address>0xfff0</load_address>
         <run_address>0xfff0</run_address>
         <size>0x6</size>
         <flags>0x4</flags>
         <contents>
            <logical_group_ref idref="lg-21"/>
            <logical_group_ref idref="lg-23"/>
            <logical_group_ref idref="lg-25"/>
         </contents>
      </load_segment>
      <load_segment id="lg-229" display="no" color="cyan">
         <name>SEGMENT_4</name>
         <load_address>0xfffc</load_address>
         <run_address>0xfffc</run_address>
         <size>0x4</size>
         <flags>0x4</flags>
         <contents>
            <logical_group_ref idref="lg-2a"/>
            <logical_group_ref idref="lg-2c"/>
         </contents>
      </load_segment>
   </logical_group_list>
   <placement_map>
      <memory_area display="no" color="green">
         <name>SFR</name>
         <page_id>0x0</page_id>
         <origin>0x0</origin>
         <length>0x10</length>
         <used_space>0x0</used_space>
         <unused_space>0x10</unused_space>
         <attributes>RWIX</attributes>
         <usage_details>
         </usage_details>
      </memory_area>
      <memory_area display="yes" color="green">
         <name>PERIPHERALS_8BIT</name>
         <page_id>0x0</page_id>
         <origin>0x10</origin>
         <length>0xf0</length>
         <used_space>0x0</used_space>
         <unused_space>0xf0</unused_space>
         <attributes>RWIX</attributes>
         <usage_details>
         </usage_details>
      </memory_area>
      <memory_area display="yes" color="green">
         <name>PERIPHERALS_16BIT</name>
         <page_id>0x0</page_id>
         <origin>0x100</origin>
         <length>0x100</length>
         <used_space>0x0</used_space>
         <unused_space>0x100</unused_space>
         <attributes>RWIX</attributes>
         <usage_details>
         </usage_details>
      </memory_area>
      <memory_area display="yes" color="green">
         <name>RAM</name>
         <page_id>0x0</page_id>
         <origin>0x200</origin>
         <length>0x80</length>
         <used_space>0x34</used_space>
         <unused_space>0x4c</unused_space>
         <attributes>RWIX</attributes>
         <usage_details>
            <available_space>
               <start_address>0x200</start_address>
               <size>0x4c</size>
            </available_space>
            <allocated_space>
               <start_address>0x24c</start_address>
               <size>0x34</size>
               <logical_group_ref idref="lg-6"/>
            </allocated_space>
         </usage_details>
      </memory_area>
      <memory_area display="no" color="green">
         <name>INFOD</name>
         <page_id>0x0</page_id>
         <origin>0x1000</origin>
         <length>0x40</length>
         <used_space>0x0</used_space>
         <unused_space>0x40</unused_space>
         <attributes>RWIX</attributes>
         <usage_details>
         </usage_details>
      </memory_area>
      <memory_area display="no" color="green">
         <name>INFOC</name>
         <page_id>0x0</page_id>
         <origin>0x1040</origin>
         <length>0x40</length>
         <used_space>0x0</used_space>
         <unused_space>0x40</unused_space>
         <attributes>RWIX</attributes>
         <usage_details>
         </usage_details>
      </memory_area>
      <memory_area display="no" color="green">
         <name>INFOB</name>
         <page_id>0x0</page_id>
         <origin>0x1080</origin>
         <length>0x40</length>
         <used_space>0x0</used_space>
         <unused_space>0x40</unused_space>
         <attributes>RWIX</attributes>
         <usage_details>
         </usage_details>
      </memory_area>
      <memory_area display="no" color="green">
         <name>INFOA</name>
         <page_id>0x0</page_id>
         <origin>0x10c0</origin>
         <length>0x40</length>
         <used_space>0x0</used_space>
         <unused_space>0x40</unused_space>
         <attributes>RWIX</attributes>
         <usage_details>
         </usage_details>
      </memory_area>
      <memory_area display="yes" color="green">
         <name>FLASH</name>
         <page_id>0x0</page_id>
         <origin>0xf800</origin>
         <length>0x7e0</length>
         <used_space>0x4c</used_space>
         <unused_space>0x794</unused_space>
         <attributes>RWIX</attributes>
         <usage_details>
            <allocated_space>
               <start_address>0xf800</start_address>
               <size>0x0</size>
               <logical_group_ref idref="lg-c"/>
            </allocated_space>
            <allocated_space>
               <start_address>0xf800</start_address>
               <size>0x4c</size>
               <logical_group_ref idref="lg-7"/>
            </allocated_space>
            <available_space>
               <start_address>0xf84c</start_address>
               <size>0x794</size>
            </available_space>
         </usage_details>
      </memory_area>
      <memory_area display="no" color="green">
         <name>INT00</name>
         <page_id>0x0</page_id>
         <origin>0xffe0</origin>
         <length>0x2</length>
         <used_space>0x0</used_space>
         <unused_space>0x2</unused_space>
         <attributes>RWIX</attributes>
         <usage_details>
         </usage_details>
      </memory_area>
      <memory_area display="no" color="green">
         <name>INT01</name>
         <page_id>0x0</page_id>
         <origin>0xffe2</origin>
         <length>0x2</length>
         <used_space>0x0</used_space>
         <unused_space>0x2</unused_space>
         <attributes>RWIX</attributes>
         <usage_details>
         </usage_details>
      </memory_area>
      <memory_area display="no" color="green">
         <name>INT02</name>
         <page_id>0x0</page_id>
         <origin>0xffe4</origin>
         <length>0x2</length>
         <used_space>0x2</used_space>
         <unused_space>0x0</unused_space>
         <attributes>RWIX</attributes>
         <usage_details>
            <allocated_space>
               <start_address>0xffe4</start_address>
               <size>0x2</size>
               <logical_group_ref idref="lg-17"/>
            </allocated_space>
         </usage_details>
      </memory_area>
      <memory_area display="no" color="green">
         <name>INT03</name>
         <page_id>0x0</page_id>
         <origin>0xffe6</origin>
         <length>0x2</length>
         <used_space>0x2</used_space>
         <unused_space>0x0</unused_space>
         <attributes>RWIX</attributes>
         <usage_details>
            <allocated_space>
               <start_address>0xffe6</start_address>
               <size>0x2</size>
               <logical_group_ref idref="lg-19"/>
            </allocated_space>
         </usage_details>
      </memory_area>
      <memory_area display="no" color="green">
         <name>INT04</name>
         <page_id>0x0</page_id>
         <origin>0xffe8</origin>
         <length>0x2</length>
         <used_space>0x2</used_space>
         <unused_space>0x0</unused_space>
         <attributes>RWIX</attributes>
         <usage_details>
            <allocated_space>
               <start_address>0xffe8</start_address>
               <size>0x2</size>
               <logical_group_ref idref="lg-1b"/>
            </allocated_space>
         </usage_details>
      </memory_area>
      <memory_area display="no" color="green">
         <name>INT05</name>
         <page_id>0x0</page_id>
         <origin>0xffea</origin>
         <length>0x2</length>
         <used_space>0x2</used_space>
         <unused_space>0x0</unused_space>
         <attributes>RWIX</attributes>
         <usage_details>
            <allocated_space>
               <start_address>0xffea</start_address>
               <size>0x2</size>
               <logical_group_ref idref="lg-1d"/>
            </allocated_space>
         </usage_details>
      </memory_area>
      <memory_area display="no" color="green">
         <name>INT06</name>
         <page_id>0x0</page_id>
         <origin>0xffec</origin>
         <length>0x2</length>
         <used_space>0x0</used_space>
         <unused_space>0x2</unused_space>
         <attributes>RWIX</attributes>
         <usage_details>
         </usage_details>
      </memory_area>
      <memory_area display="no" color="green">
         <name>INT07</name>
         <page_id>0x0</page_id>
         <origin>0xffee</origin>
         <length>0x2</length>
         <used_space>0x0</used_space>
         <unused_space>0x2</unused_space>
         <attributes>RWIX</attributes>
         <usage_details>
         </usage_details>
      </memory_area>
      <memory_area display="no" color="green">
         <name>INT08</name>
         <page_id>0x0</page_id>
         <origin>0xfff0</origin>
         <length>0x2</length>
         <used_space>0x2</used_space>
         <unused_space>0x0</unused_space>
         <attributes>RWIX</attributes>
         <usage_details>
            <allocated_space>
               <start_address>0xfff0</start_address>
               <size>0x2</size>
               <logical_group_ref idref="lg-21"/>
            </allocated_space>
         </usage_details>
      </memory_area>
      <memory_area display="no" color="green">
         <name>INT09</name>
         <page_id>0x0</page_id>
         <origin>0xfff2</origin>
         <length>0x2</length>
         <used_space>0x2</used_space>
         <unused_space>0x0</unused_space>
         <attributes>RWIX</attributes>
         <usage_details>
            <allocated_space>
               <start_address>0xfff2</start_address>
               <size>0x2</size>
               <logical_group_ref idref="lg-23"/>
            </allocated_space>
         </usage_details>
      </memory_area>
      <memory_area display="no" color="green">
         <name>INT10</name>
         <page_id>0x0</page_id>
         <origin>0xfff4</origin>
         <length>0x2</length>
         <used_space>0x2</used_space>
         <unused_space>0x0</unused_space>
         <attributes>RWIX</attributes>
         <usage_details>
            <allocated_space>
               <start_address>0xfff4</start_address>
               <size>0x2</size>
               <logical_group_ref idref="lg-25"/>
            </allocated_space>
         </usage_details>
      </memory_area>
      <memory_area display="no" color="green">
         <name>INT11</name>
         <page_id>0x0</page_id>
         <origin>0xfff6</origin>
         <length>0x2</length>
         <used_space>0x0</used_space>
         <unused_space>0x2</unused_space>
         <attributes>RWIX</attributes>
         <usage_details>
         </usage_details>
      </memory_area>
      <memory_area display="no" color="green">
         <name>INT12</name>
         <page_id>0x0</page_id>
         <origin>0xfff8</origin>
         <length>0x2</length>
         <used_space>0x0</used_space>
         <unused_space>0x2</unused_space>
         <attributes>RWIX</attributes>
         <usage_details>
         </usage_details>
      </memory_area>
      <memory_area display="no" color="green">
         <name>INT13</name>
         <page_id>0x0</page_id>
         <origin>0xfffa</origin>
         <length>0x2</length>
         <used_space>0x0</used_space>
         <unused_space>0x2</unused_space>
         <attributes>RWIX</attributes>
         <usage_details>
         </usage_details>
      </memory_area>
      <memory_area display="no" color="green">
         <name>INT14</name>
         <page_id>0x0</page_id>
         <origin>0xfffc</origin>
         <length>0x2</length>
         <used_space>0x2</used_space>
         <unused_space>0x0</unused_space>
         <attributes>RWIX</attributes>
         <usage_details>
            <allocated_space>
               <start_address>0xfffc</start_address>
               <size>0x2</size>
               <logical_group_ref idref="lg-2a"/>
            </allocated_space>
         </usage_details>
      </memory_area>
      <memory_area display="no" color="green">
         <name>RESET</name>
         <page_id>0x0</page_id>
         <origin>0xfffe</origin>
         <length>0x2</length>
         <used_space>0x2</used_space>
         <unused_space>0x0</unused_space>
         <attributes>RWIX</attributes>
         <usage_details>
            <allocated_space>
               <start_address>0xfffe</start_address>
               <size>0x2</size>
               <logical_group_ref idref="lg-2c"/>
            </allocated_space>
         </usage_details>
      </memory_area>
   </placement_map>
   <symbol_table>
      <symbol id="sm-1">
         <name>IE1</name>
         <value>0x0</value>
      </symbol>
      <symbol id="sm-2">
         <name>IFG1</name>
         <value>0x2</value>
      </symbol>
      <symbol id="sm-3">
         <name>ADC10DTC0</name>
         <value>0x48</value>
      </symbol>
      <symbol id="sm-4">
         <name>ADC10DTC1</name>
         <value>0x49</value>
      </symbol>
      <symbol id="sm-5">
         <name>ADC10AE0</name>
         <value>0x4a</value>
      </symbol>
      <symbol id="sm-6">
         <name>ADC10CTL0</name>
         <value>0x1b0</value>
      </symbol>
      <symbol id="sm-7">
         <name>ADC10CTL1</name>
         <value>0x1b2</value>
      </symbol>
      <symbol id="sm-8">
         <name>ADC10MEM</name>
         <value>0x1b4</value>
      </symbol>
      <symbol id="sm-9">
         <name>ADC10SA</name>
         <value>0x1bc</value>
      </symbol>
      <symbol id="sm-a">
         <name>DCOCTL</name>
         <value>0x56</value>
      </symbol>
      <symbol id="sm-b">
         <name>BCSCTL1</name>
         <value>0x57</value>
      </symbol>
      <symbol id="sm-c">
         <name>BCSCTL2</name>
         <value>0x58</value>
      </symbol>
      <symbol id="sm-d">
         <name>BCSCTL3</name>
         <value>0x53</value>
      </symbol>
      <symbol id="sm-e">
         <name>FCTL1</name>
         <value>0x128</value>
      </symbol>
      <symbol id="sm-f">
         <name>FCTL2</name>
         <value>0x12a</value>
      </symbol>
      <symbol id="sm-10">
         <name>FCTL3</name>
         <value>0x12c</value>
      </symbol>
      <symbol id="sm-11">
         <name>P1IN</name>
         <value>0x20</value>
      </symbol>
      <symbol id="sm-12">
         <name>P1OUT</name>
         <value>0x21</value>
      </symbol>
      <symbol id="sm-13">
         <name>P1DIR</name>
         <value>0x22</value>
      </symbol>
      <symbol id="sm-14">
         <name>P1IFG</name>
         <value>0x23</value>
      </symbol>
      <symbol id="sm-15">
         <name>P1IES</name>
         <value>0x24</value>
      </symbol>
      <symbol id="sm-16">
         <name>P1IE</name>
         <value>0x25</value>
      </symbol>
      <symbol id="sm-17">
         <name>P1SEL</name>
         <value>0x26</value>
      </symbol>
      <symbol id="sm-18">
         <name>P1REN</name>
         <value>0x27</value>
      </symbol>
      <symbol id="sm-19">
         <name>P2IN</name>
         <value>0x28</value>
      </symbol>
      <symbol id="sm-1a">
         <name>P2OUT</name>
         <value>0x29</value>
      </symbol>
      <symbol id="sm-1b">
         <name>P2DIR</name>
         <value>0x2a</value>
      </symbol>
      <symbol id="sm-1c">
         <name>P2IFG</name>
         <value>0x2b</value>
      </symbol>
      <symbol id="sm-1d">
         <name>P2IES</name>
         <value>0x2c</value>
      </symbol>
      <symbol id="sm-1e">
         <name>P2IE</name>
         <value>0x2d</value>
      </symbol>
      <symbol id="sm-1f">
         <name>P2SEL</name>
         <value>0x2e</value>
      </symbol>
      <symbol id="sm-20">
         <name>P2REN</name>
         <value>0x2f</value>
      </symbol>
      <symbol id="sm-21">
         <name>TAIV</name>
         <value>0x12e</value>
      </symbol>
      <symbol id="sm-22">
         <name>TACTL</name>
         <value>0x160</value>
      </symbol>
      <symbol id="sm-23">
         <name>TACCTL0</name>
         <value>0x162</value>
      </symbol>
      <symbol id="sm-24">
         <name>TACCTL1</name>
         <value>0x164</value>
      </symbol>
      <symbol id="sm-25">
         <name>TAR</name>
         <value>0x170</value>
      </symbol>
      <symbol id="sm-26">
         <name>TACCR0</name>
         <value>0x172</value>
      </symbol>
      <symbol id="sm-27">
         <name>TACCR1</name>
         <value>0x174</value>
      </symbol>
      <symbol id="sm-28">
         <name>USICTL0</name>
         <value>0x78</value>
      </symbol>
      <symbol id="sm-29">
         <name>USICTL1</name>
         <value>0x79</value>
      </symbol>
      <symbol id="sm-2a">
         <name>USICKCTL</name>
         <value>0x7a</value>
      </symbol>
      <symbol id="sm-2b">
         <name>USICNT</name>
         <value>0x7b</value>
      </symbol>
      <symbol id="sm-2c">
         <name>USISRL</name>
         <value>0x7c</value>
      </symbol>
      <symbol id="sm-2d">
         <name>USISRH</name>
         <value>0x7d</value>
      </symbol>
      <symbol id="sm-2e">
         <name>USICTL</name>
         <value>0x78</value>
      </symbol>
      <symbol id="sm-2f">
         <name>USICCTL</name>
         <value>0x7a</value>
      </symbol>
      <symbol id="sm-30">
         <name>USISR</name>
         <value>0x7c</value>
      </symbol>
      <symbol id="sm-31">
         <name>WDTCTL</name>
         <value>0x120</value>
      </symbol>
      <symbol id="sm-32">
         <name>CALDCO_1MHZ</name>
         <value>0x10fe</value>
      </symbol>
      <symbol id="sm-33">
         <name>CALBC1_1MHZ</name>
         <value>0x10ff</value>
      </symbol>
      <symbol id="sm-34">
         <name>__STACK_SIZE</name>
         <value>0x34</value>
      </symbol>
      <symbol id="sm-35">
         <name>__STACK_END</name>
         <value>0x280</value>
      </symbol>
      <symbol id="sm-36">
         <name>__c_args__</name>
         <value>0xffffffff</value>
      </symbol>
      <symbol id="sm-37">
         <name>__TI_pprof_out_hndl</name>
         <value>0xffffffff</value>
      </symbol>
      <symbol id="sm-38">
         <name>__TI_prof_data_start</name>
         <value>0xffffffff</value>
      </symbol>
      <symbol id="sm-39">
         <name>__TI_prof_data_size</name>
         <value>0xffffffff</value>
      </symbol>
      <symbol id="sm-78">
         <name>main</name>
         <value>0xf800</value>
         <object_component_ref idref="oc-10b"/>
      </symbol>
      <symbol id="sm-7c">
         <name>__TI_int02</name>
         <value>0xffe4</value>
         <object_component_ref idref="oc-3a"/>
      </symbol>
      <symbol id="sm-7f">
         <name>__TI_int03</name>
         <value>0xffe6</value>
         <object_component_ref idref="oc-3b"/>
      </symbol>
      <symbol id="sm-82">
         <name>__TI_int04</name>
         <value>0xffe8</value>
         <object_component_ref idref="oc-3c"/>
      </symbol>
      <symbol id="sm-85">
         <name>__TI_int05</name>
         <value>0xffea</value>
         <object_component_ref idref="oc-3d"/>
      </symbol>
      <symbol id="sm-88">
         <name>__TI_int08</name>
         <value>0xfff0</value>
         <object_component_ref idref="oc-3e"/>
      </symbol>
      <symbol id="sm-8b">
         <name>__TI_int09</name>
         <value>0xfff2</value>
         <object_component_ref idref="oc-3f"/>
      </symbol>
      <symbol id="sm-8e">
         <name>__TI_int10</name>
         <value>0xfff4</value>
         <object_component_ref idref="oc-40"/>
      </symbol>
      <symbol id="sm-91">
         <name>__TI_int14</name>
         <value>0xfffc</value>
         <object_component_ref idref="oc-41"/>
      </symbol>
      <symbol id="sm-99">
         <name>__TI_ISR_TRAP</name>
         <value>0xf83a</value>
         <object_component_ref idref="oc-a2"/>
      </symbol>
      <symbol id="sm-a8">
         <name>_c_int00_noinit_noargs</name>
         <value>0xf826</value>
         <object_component_ref idref="oc-b3"/>
      </symbol>
      <symbol id="sm-a9">
         <name>_stack</name>
         <value>0x24c</value>
         <object_component_ref idref="oc-77"/>
      </symbol>
      <symbol id="sm-aa">
         <name>_reset_vector</name>
         <value>0xfffe</value>
         <object_component_ref idref="oc-7a"/>
      </symbol>
      <symbol id="sm-b7">
         <name>_system_pre_init</name>
         <value>0xf848</value>
         <object_component_ref idref="oc-105"/>
      </symbol>
      <symbol id="sm-c4">
         <name>C$$EXIT</name>
         <value>0xf842</value>
         <object_component_ref idref="oc-135"/>
      </symbol>
      <symbol id="sm-c5">
         <name>abort</name>
         <value>0xf842</value>
         <object_component_ref idref="oc-135"/>
      </symbol>
   </symbol_table>
   <title>Link successful</title>
</link_info>
